StockCode,Description,TotalRows,ReturnedRows,ReturnedRate
22198,LARGE POPCORN HOLDER,68,15,0.22058823529411764
23462,ROCOCO WALL MIRROR WHITE,55,12,0.21818181818181817
22461,SAVOY ART DECO CLOCK,57,12,0.21052631578947367
35004B,SET OF 3 BLACK FLYING DUCKS,57,9,0.15789473684210525
71477,COLOURED GLASS STAR T-LIGHT HOLDER,51,7,0.13725490196078433
85159A,"BLACK TEA,COFFEE,SUGAR JARS",51,6,0.11764705882352941
21537,RED RETROSPOT PUDDING BOWL,65,7,0.1076923076923077
84817,DANISH ROSE DECORATIVE PLATE,62,6,0.0967741935483871
22325,MOBILE VINTAGE HEARTS,65,6,0.09230769230769231
22591,CARDHOLDER GINGHAM CHRISTMAS TREE,69,6,0.08695652173913043
22701,PINK DOG BOWL,58,5,0.08620689655172414
21209,MULTICOLOUR HONEYCOMB FAN,62,5,0.08064516129032258
22788,BROCANTE COAT RACK,50,4,0.08
22232,JIGSAW TOADSTOOLS 3 PIECE,66,5,0.07575757575757576
22700,BLACK AND WHITE DOG BOWL,53,4,0.07547169811320754
22307,GOLD MUG BONE CHINA TREE OF LIFE,67,5,0.07462686567164178
21205,MULTICOLOUR 3D BALLS GARLAND,55,4,0.07272727272727272
15058A,BLUE POLKADOT GARDEN PARASOL,55,4,0.07272727272727272
11001,ASSTD DESIGN RACING CAR PEN,69,5,0.07246376811594203
23099,FRENCH CARRIAGE LANTERN,59,4,0.06779661016949153
22770,MIRROR CORNICE,59,4,0.06779661016949153
22057,CERAMIC PLATE STRAWBERRY DESIGN,60,4,0.06666666666666667
72802A,ROSE SCENT CANDLE IN JEWELLED BOX,61,4,0.06557377049180328
21208,PASTEL COLOUR HONEYCOMB FAN,62,4,0.06451612903225806
22167,OVAL WALL MIRROR DIAMANTE,64,4,0.0625
22363,GLASS JAR MARMALADE,64,4,0.0625
21399,BLUE POLKADOT COFFEE MUG,67,4,0.05970149253731343
84968A,SET OF 16 VINTAGE ROSE CUTLERY,52,3,0.057692307692307696
21925,UNION STRIPE CUSHION COVER,70,4,0.05714285714285714
22230,JIGSAW TREE WITH WATERING CAN,70,4,0.05714285714285714
23423,PANTRY 3 HOOK ROLLING PIN HANGER,54,3,0.05555555555555555
22067,CHOC TRUFFLE GOLD TRINKET POT,54,3,0.05555555555555555
21262,WHITE GOOSE FEATHER CHRISTMAS TREE,55,3,0.05454545454545454
79160,HEART SHAPE WIRELESS DOORBELL,57,3,0.05263157894736842
85194S,HANGING SPRING FLOWER EGG SMALL,58,3,0.05172413793103448
23542,WALL ART 70'S ALPHABET,58,3,0.05172413793103448
23178,JAM CLOCK MAGNET,60,3,0.05
85194L,HANGING SPRING FLOWER EGG LARGE,60,3,0.05
84459A,PINK METAL CHICKEN HEART,60,3,0.05
23408,PHOTO FRAME LINEN AND LACE SMALL,62,3,0.04838709677419355
84279B,CHERRY BLOSSOM DECORATIVE FLASK,63,3,0.047619047619047616
22684,FRENCH BLUE METAL DOOR SIGN 9,64,3,0.046875
84929,ASSTD FRUIT+FLOWERS FRIDGE MAGNETS,65,3,0.046153846153846156
21820,GLITTER HEART GARLAND WITH BELLS,66,3,0.045454545454545456
37342,POLKADOT COFFEE CUP & SAUCER PINK,67,3,0.04477611940298507
22804,PINK HANGING HEART T-LIGHT HOLDER,69,3,0.043478260869565216
21311,SET/4 BIRD MIRROR MAGNETS,50,2,0.04
84968C,SET OF 16 VINTAGE PISTACHIO CUTLERY,50,2,0.04
71038,WHITE HANGING BEADS CANDLE HOLDER,51,2,0.0392156862745098
22073,RED RETROSPOT STORAGE JAR,51,2,0.0392156862745098
22393,PAPERWEIGHT VINTAGE COLLAGE,52,2,0.038461538461538464
21198,WHITE HEART CONFETTI IN TUBE,53,2,0.03773584905660377
85170D,SET/6 PINK BIRD T-LIGHT CANDLES,53,2,0.03773584905660377
22163,HEART STRING MEMO HOLDER HANGING,53,2,0.03773584905660377
85132A,CHARLIE + LOLA BISCUITS TINS,54,2,0.037037037037037035
22342,HOME GARLAND PAINTED ZINC,54,2,0.037037037037037035
23237,SET OF 4 KNICK KNACK TINS LEAVES,55,2,0.03636363636363636
21361,LOVE LARGE WOOD LETTERS,56,2,0.03571428571428571
22339,CHRISTMAS TREE PAINTED ZINC,57,2,0.03508771929824561
20801,LARGE PINK GLASS SUNDAE DISH,57,2,0.03508771929824561
23026,DRAWER KNOB VINTAGE GLASS STAR,58,2,0.034482758620689655
18097C,WHITE TALL PORCELAIN T-LIGHT HOLDER,58,2,0.034482758620689655
35971,ROSE FOLKART HEART DECORATIONS,58,2,0.034482758620689655
22245,"HOOK, 1 HANGER ,MAGIC GARDEN",60,2,0.03333333333333333
23183,MOTHER'S KITCHEN SPOON REST,61,2,0.03278688524590164
23224,CHERUB HEART DECORATION GOLD,61,2,0.03278688524590164
22944,CHRISTMAS METAL POSTCARD WITH BELLS,62,2,0.03225806451612903
21926,RED/CREAM STRIPE CUSHION COVER,62,2,0.03225806451612903
15044C,PURPLE PAPER PARASOL,63,2,0.031746031746031744
20956,PORCELAIN T-LIGHT HOLDERS ASSORTED,63,2,0.031746031746031744
23160,REGENCY TEA SPOON,63,2,0.031746031746031744
22276,WASH BAG VINTAGE ROSE PAISLEY,64,2,0.03125
84819,DANISH ROSE ROUND SEWING BOX,64,2,0.03125
23526,WALL ART DOG LICENCE,65,2,0.03076923076923077
22939,APRON APPLE DELIGHT,65,2,0.03076923076923077
22932,BAKING MOULD TOFFEE CUP CHOCOLATE,65,2,0.03076923076923077
23469,CARD HOLDER LOVE BIRD SMALL,65,2,0.03076923076923077
22359,GLASS JAR KINGS CHOICE,65,2,0.03076923076923077
35648,VINTAGE BEAD PINK PURSE,66,2,0.030303030303030304
37340,MULTICOLOUR SPRING FLOWER MUG,66,2,0.030303030303030304
85199L,LARGE HANGING IVORY & RED WOOD BIRD,67,2,0.029850746268656716
21272,SALLE DE BAIN HOOK,68,2,0.029411764705882353
21056,DOCTOR'S BAG SOFT TOY,68,2,0.029411764705882353
21586,KINGS CHOICE GIANT TUBE MATCHES,68,2,0.029411764705882353
21822,GLITTER CHRISTMAS TREE WITH BELLS,69,2,0.028985507246376812
84880,WHITE WIRE EGG HOLDER,70,2,0.02857142857142857
21199,PINK  HEART CONFETTI IN TUBE,50,1,0.02
23106,ZINC HEARTS PLANT POT HOLDER,50,1,0.02
21802,CHRISTMAS TREE HEART DECORATION,50,1,0.02
23087,ZINC  HEART T-LIGHT HOLDER,50,1,0.02
20733,GOLD MINI TAPE MEASURE,50,1,0.02
82616B,FRAPPUCINO SCARF KNITTING KIT,51,1,0.0196078431372549
85173,SET/6 FROG PRINCE T-LIGHT CANDLES,51,1,0.0196078431372549
84031A,CHARLIE+LOLA RED HOT WATER BOTTLE,51,1,0.0196078431372549
72799E,IVORY PILLAR CANDLE SILVER FLOCK,51,1,0.0196078431372549
21682,LARGE MEDINA STAMPED METAL BOWL,51,1,0.0196078431372549
22260,FELT EGG COSY BLUE RABBIT,51,1,0.0196078431372549
85135C,RED DRAGONFLY HELICOPTER,51,1,0.0196078431372549
22279,POCKET BAG BLUE PAISLEY RED SPOT,52,1,0.019230769230769232
22547,MINI JIGSAW DINOSAUR,52,1,0.019230769230769232
23454,THREE MINI HANGING FRAMES,52,1,0.019230769230769232
82613D,METAL SIGN CUPCAKE SINGLE HOOK,52,1,0.019230769230769232
85114B,IVORY ENCHANTED FOREST PLACEMAT,53,1,0.018867924528301886
22935,BAKING MOULD ROSE MILK CHOCOLATE,53,1,0.018867924528301886
47574A,ENGLISH ROSE SCENTED HANGING FLOWER,53,1,0.018867924528301886
82616C,MIDNIGHT GLAMOUR SCARF KNITTING KIT,53,1,0.018867924528301886
21248,DOOR HANGER  MUM + DADS ROOM,53,1,0.018867924528301886
21675,BUTTERFLIES STICKERS,53,1,0.018867924528301886
21774,DECORATIVE CATS BATHROOM BOTTLE,53,1,0.018867924528301886
21069,VINTAGE BILLBOARD TEA MUG,53,1,0.018867924528301886
22136,LOVE HEART SOCK HANGER,54,1,0.018518518518518517
22336,DOVE DECORATION PAINTED ZINC,54,1,0.018518518518518517
22598,CHRISTMAS MUSICAL ZINC TREE,55,1,0.01818181818181818
22808,SET OF 6 T-LIGHTS EASTER CHICKS,55,1,0.01818181818181818
22450,SILK PURSE BABUSHKA BLUE,55,1,0.01818181818181818
85232D,SET/3 DECOUPAGE STACKING TINS,55,1,0.01818181818181818
23556,LANDMARK FRAME COVENT GARDEN,56,1,0.017857142857142856
47422,ASSORTED MONKEY SUCTION CUP HOOK,56,1,0.017857142857142856
22811,SET OF 6 T-LIGHTS CACTI,57,1,0.017543859649122806
22405,MONEY BOX POCKET MONEY DESIGN,57,1,0.017543859649122806
23536,WALL ART VILLAGE SHOW,57,1,0.017543859649122806
22313,OFFICE MUG WARMER PINK,57,1,0.017543859649122806
84849B,FAIRY SOAP SOAP HOLDER,58,1,0.017241379310344827
20832,RED FLOCK LOVE HEART PHOTO FRAME,58,1,0.017241379310344827
22321,BIRD DECORATION RED RETROSPOT,59,1,0.01694915254237288
22268,EASTER DECORATION SITTING BUNNY,59,1,0.01694915254237288
70007,HI TEC ALPINE HAND WARMER,59,1,0.01694915254237288
85032D,YULETIDE IMAGES GIFT WRAP SET,60,1,0.016666666666666666
22250,DECORATION  BUTTERFLY  MAGIC GARDEN,60,1,0.016666666666666666
23405,HOME SWEET HOME 2 DRAWER CABINET,61,1,0.01639344262295082
22546,MINI JIGSAW PURDEY,61,1,0.01639344262295082
23073,GEORGIAN TRINKET BOX,61,1,0.01639344262295082
23414,ZINC BOX SIGN HOME,63,1,0.015873015873015872
85036A,GARDENIA 1 WICK MORRIS BOXED CANDLE,63,1,0.015873015873015872
22062,CERAMIC BOWL WITH LOVE HEART DESIGN,63,1,0.015873015873015872
23419,HOME SWEET HOME BOTTLE,63,1,0.015873015873015872
23513,EMBROIDERED RIBBON REEL SUSIE,63,1,0.015873015873015872
23514,EMBROIDERED RIBBON REEL SALLY,63,1,0.015873015873015872
22319,HAIRCLIPS FORTIES FABRIC ASSORTED,64,1,0.015625
22515,CHILDS GARDEN SPADE PINK,64,1,0.015625
22340,NOEL GARLAND PAINTED ZINC,64,1,0.015625
22343,PARTY PIZZA DISH RED RETROSPOT,65,1,0.015384615384615385
22282,12 EGG HOUSE PAINTED WOOD,65,1,0.015384615384615385
84884A,ANT WHITE WIRE HEART SPIRAL,65,1,0.015384615384615385
22229,BUNNY WOODEN PAINTED WITH FLOWER,65,1,0.015384615384615385
22406,MONEY BOX KINGS CHOICE DESIGN,65,1,0.015384615384615385
22354,RETROSPOT PADDED SEAT CUSHION,66,1,0.015151515151515152
22540,MINI JIGSAW CIRCUS PARADE,66,1,0.015151515151515152
22471,TV DINNER TRAY AIR HOSTESS,66,1,0.015151515151515152
22217,T-LIGHT HOLDER HANGING LACE,66,1,0.015151515151515152
72818,CHRISTMAS DECOUPAGE CANDLE,66,1,0.015151515151515152
23398,HANGING HEART BONHEUR,67,1,0.014925373134328358
23222,CHRISTMAS TREE HANGING GOLD,67,1,0.014925373134328358
22495,SET OF 2 ROUND TINS CAMEMBERT,67,1,0.014925373134328358
85231G,ORANGE SCENTED SET/9 T-LIGHTS,68,1,0.014705882352941176
22821,GIFT BAG PSYCHEDELIC APPLES,68,1,0.014705882352941176
21650,ASSORTED TUTTI FRUTTI BRACELET,69,1,0.014492753623188406
23358,HOT STUFF HOT WATER BOTTLE,69,1,0.014492753623188406
23161,REGENCY CAKE FORK,69,1,0.014492753623188406
22452,MEASURING TAPE BABUSHKA PINK,69,1,0.014492753623188406
21408,SPOTTY PINK DUCK DOORSTOP,69,1,0.014492753623188406
21015,DARK BIRD HOUSE TREE DECORATION,69,1,0.014492753623188406
22466,FAIRY TALE COTTAGE NIGHTLIGHT,70,1,0.014285714285714285
22934,BAKING MOULD EASTER EGG WHITE CHOC,70,1,0.014285714285714285
22706,WRAP COWBOYS,70,1,0.014285714285714285
71459,HANGING JAM JAR T-LIGHT HOLDERS,70,1,0.014285714285714285
20765,CHRYSANTHEMUM SKETCHBOOK,53,0,0.0
16045,POPART WOODEN PENCILS ASST,69,0,0.0
20658,RED RETROSPOT LUGGAGE TAG,62,0,0.0
17021,NAMASTE SWAGAT INCENSE,57,0,0.0
20764,ABSTRACT CIRCLES SKETCHBOOK,62,0,0.0
20767,BLUE PAISLEY JOURNAL,61,0,0.0
20766,GARDEN PATH SKETCHBOOK,50,0,0.0
20755,BLUE PAISLEY POCKET BOOK,51,0,0.0
20686,DOLLY MIXTURE CHILDREN'S UMBRELLA,65,0,0.0
22589,CARDHOLDER GINGHAM STAR,58,0,0.0
22525,CHILDRENS GARDEN GLOVES PINK,52,0,0.0
22529,MAGIC DRAWING SLATE GO TO THE FAIR,62,0,0.0
22532,MAGIC DRAWING SLATE LEAP FROG,68,0,0.0
22517,CHILDS GARDEN RAKE PINK,58,0,0.0
22518,CHILDS GARDEN BRUSH BLUE,57,0,0.0
22519,CHILDS GARDEN BRUSH PINK,65,0,0.0
22524,CHILDRENS GARDEN GLOVES BLUE,66,0,0.0
22513,DOORSTOP FOOTBALL DESIGN,52,0,0.0
22497,SET OF 2 TINS VINTAGE BATHROOM,60,0,0.0
22479,DAISY GARDEN MARKER,54,0,0.0
22480,RED TEA TOWEL CLASSIC DESIGN,68,0,0.0
22416,SET OF 36 DOILIES SPACEBOY DESIGN,56,0,0.0
85078,SCANDINAVIAN 3 HEARTS NAPKIN RING,65,0,0.0
85071D,CHARLIE+LOLA MY ROOM DOOR SIGN,66,0,0.0
85039B,S/4 IVORY MINI ROSE CANDLE IN BOWL,52,0,0.0
22247,BUNNY DECORATION MAGIC GARDEN,61,0,0.0
22190,LOCAL CAFE MUG,52,0,0.0
85132B,CHARLIE AND LOLA TABLE TINS,60,0,0.0
16016,LARGE CHINESE STYLE SCISSOR,65,0,0.0
85130D,BEADED CRYSTAL HEART PINK LARGE,52,0,0.0
85130B,BEADED CRYSTAL HEART GREEN LARGE,50,0,0.0
22277,COSMETIC BAG VINTAGE ROSE PAISLEY,63,0,0.0
22265,EASTER DECORATION NATURAL CHICK,55,0,0.0
21949,SET OF 6 STRAWBERRY CHOPSTICKS,59,0,0.0
21948,SET OF 6 CAKE CHOPSTICKS,56,0,0.0
21879,HEARTS GIFT TAPE,59,0,0.0
22021,BLUE FELT EASTER EGG BASKET,66,0,0.0
22134,MINI LADLE LOVE HEART RED,56,0,0.0
22133,PINK LOVE HEART SHAPE CUP,60,0,0.0
22309,TEA COSY RED  STRIPE,66,0,0.0
22310,IVORY KNITTED MUG COSY,53,0,0.0
85111,SILVER GLITTER FLOWER VOTIVE HOLDER,54,0,0.0
85114C,RED ENCHANTED FOREST PLACEMAT,63,0,0.0
20762,GREEN FERN SKETCHBOOK,51,0,0.0
20761,BLUE PAISLEY SKETCHBOOK,55,0,0.0
16218,CARTOON  PENCIL SHARPENERS,50,0,0.0
23009,I LOVE LONDON BABY GIFT SET,61,0,0.0
21817,GLITTER CHRISTMAS TREE,61,0,0.0
23033,DRAWER KNOB CERAMIC RED,60,0,0.0
23339,EGG FRYING PAN BLUE,58,0,0.0
23337,EGG FRYING PAN MINT,60,0,0.0
23336,EGG FRYING PAN PINK,65,0,0.0
23379,PACK OF 12 RED APPLE TISSUES,51,0,0.0
23391,I LOVE LONDON MINI BACKPACK,70,0,0.0
23326,HANGING MINI COLOURED BOTTLES,56,0,0.0
21793,CLASSIC FRENCH STYLE BASKET BROWN,67,0,0.0
21803,CHRISTMAS TREE STAR DECORATION,51,0,0.0
23109,LED TEA LIGHTS,56,0,0.0
23107,WHITE HEARTS WIRE PLANT POT HOLDER,59,0,0.0
23088,ZINC HEART FLOWER T-LIGHT HOLDER,57,0,0.0
21680,WOODLAND  STICKERS,53,0,0.0
21739,COSY SLIPPER SHOES SMALL GREEN,50,0,0.0
21773,DECORATIVE ROSE BATHROOM BOTTLE,59,0,0.0
21724,PANDA AND BUNNIES STICKER SHEET,57,0,0.0
21706,FOLDING UMBRELLA RED/WHITE POLKADOT,69,0,0.0
21654,RIDGED GLASS FINGER BOWL,50,0,0.0
21640,ASSORTED TUTTI FRUTTI  FOB NOTEBOOK,53,0,0.0
23003,TRAVEL CARD WALLET VINTAGE ROSE,53,0,0.0
22905,CALENDAR IN SEASON DESIGN,69,0,0.0
21618,4 WILDFLOWER BOTANICAL CANDLES,58,0,0.0
22857,ASSORTED EASTER GIFT TAGS,61,0,0.0
22660,DOORMAT I LOVE LONDON,69,0,0.0
22985,WRAP BILLBOARD FONTS DESIGN,62,0,0.0
23509,MINI PLAYING CARDS FUN FAIR,57,0,0.0
23453,OVAL  MINI PORTRAIT FRAME,50,0,0.0
21557,SET OF 6 FUNKY BEAKERS,52,0,0.0
23418,LAVENDER TOILETTE BOTTLE,61,0,0.0
21468,BUTTERFLY CROCHET FOOD COVER,50,0,0.0
21465,PINK FLOWER CROCHET FOOD COVER,63,0,0.0
21448,12 DAISY PEGS IN WOOD BOX,69,0,0.0
21462,"NURSERY A,B,C PAINTED LETTERS",67,0,0.0
21358,TOAST ITS - HAPPY BIRTHDAY,60,0,0.0
21386,IVORY HANGING DECORATION  EGG,51,0,0.0
21402,RED  EGG  SPOON,61,0,0.0
21401,BLUE PUDDING SPOON,59,0,0.0
21356,TOAST ITS - FAIRY FLOWER,55,0,0.0
23381,PACK OF 12 VINTAGE LEAF TISSUES,67,0,0.0
23402,HOME SWEET HOME 3 PEG HANGER,52,0,0.0
21354,TOAST ITS - BEST MUM,70,0,0.0
23219,LAUREL STAR ANTIQUE SILVER,52,0,0.0
23223,CHRISTMAS TREE HANGING SILVER,70,0,0.0
23555,LANDMARK FRAME NOTTING HILL,52,0,0.0
23558,LANDMARK FRAME LONDON BRIDGE,50,0,0.0
23550,WRAP ALPHABET POSTER,63,0,0.0
47421,ASSORTED COLOUR LIZARD SUCTION HOOK,63,0,0.0
21171,BATHROOM METAL SIGN,60,0,0.0
23554,LANDMARK FRAME OXFORD STREET,56,0,0.0
35810A,ENAMEL PINK COFFEE CONTAINER,54,0,0.0
23547,WRAP FLOWER SHOP,62,0,0.0
23553,LANDMARK FRAME CAMDEN TOWN,63,0,0.0
23549,WRAP BIRD GARDEN,51,0,0.0
23515,EMBROIDERED RIBBON REEL DAISY,60,0,0.0
23517,EMBROIDERED RIBBON REEL REBECCA,51,0,0.0
23545,WRAP RED VINTAGE DOILY,69,0,0.0
23512,EMBROIDERED RIBBON REEL ROSIE,50,0,0.0
72232,FENG SHUI PILLAR CANDLE,66,0,0.0
62018,SOMBRERO,59,0,0.0
21294,ETCHED GLASS COASTER,60,0,0.0
47480,HANGING PHOTO CLIP ROPE LADDER,54,0,0.0
21204,DAISIES  HONEYCOMB GARLAND,51,0,0.0
21211,SET OF 72 SKULL PAPER  DOILIES,68,0,0.0
21215,IVORY PAPER CUP CAKE CASES,66,0,0.0
21287,SCENTED VELVET LOUNGE CANDLE,54,0,0.0
21126,SET OF 6 GIRLS CELEBRATION CANDLES,69,0,0.0
21060,PARTY INVITES BALLOON GIRL,53,0,0.0
21062,PARTY INVITES SPACEMAN,62,0,0.0
21061,PARTY INVITES FOOTBALL,52,0,0.0
21043,APRON MODERN VINTAGE COTTON,58,0,0.0
20846,ZINC HEART LATTICE T-LIGHT HOLDER,64,0,0.0
21014,SWISS CHALET TREE DECORATION,70,0,0.0
20986,BLUE CALCULATOR RULER,63,0,0.0
21109,LARGE CAKE TOWEL CHOCOLATE SPOTS,69,0,0.0
21107,CREAM SLICE FLANNEL PINK SPOT,66,0,0.0
21096,SET/6 FRUIT SALAD  PAPER PLATES,70,0,0.0
21064,BOOM BOX SPEAKER BOYS,60,0,0.0
84520B,PACK 20 ENGLISH ROSE PAPER NAPKINS,55,0,0.0
84519A,TOMATO CHARLIE+LOLA COASTER SET,61,0,0.0
21111,"SWISS ROLL TOWEL, CHOCOLATE  SPOTS",52,0,0.0
84459B,YELLOW METAL CHICKEN HEART,61,0,0.0
84997A,GREEN 3 PIECE POLKADOT CUTLERY SET,68,0,0.0
84558A,3D DOG PICTURE PLAYING CARDS,64,0,0.0
85185B,PINK HORSE SOCK PUPPET,50,0,0.0
85187,S/12 MINI RABBIT EASTER,60,0,0.0
16008,SMALL FOLDING SCISSOR(POINTED EDGE),70,0,0.0
16014,SMALL CHINESE STYLE SCISSOR,54,0,0.0
85203,HANGING WOOD AND FELT BUTTERFLY,55,0,0.0
10125,MINI FUNKY DESIGN TAPES,64,0,0.0
